{"frames": [

{
	"filename": "boss_00",
	"frame": {"x":2,"y":326,"w":64,"h":64},
	"rotated": false,
	"trimmed": false,
	"spriteSourceSize": {"x":0,"y":0,"w":64,"h":64},
	"sourceSize": {"w":64,"h":64},
	"pivot": {"x":0.5,"y":0.5}
},
{
	"filename": "boss_01",
	"frame": {"x":2,"y":392,"w":64,"h":64},
	"rotated": false,
	"trimmed": false,
	"spriteSourceSize": {"x":0,"y":0,"w":64,"h":64},
	"sourceSize": {"w":64,"h":64},
	"pivot": {"x":0.5,"y":0.5}
},
{
	"filename": "boss_02",
	"frame": {"x":68,"y":326,"w":64,"h":64},
	"rotated": false,
	"trimmed": false,
	"spriteSourceSize": {"x":0,"y":0,"w":64,"h":64},
	"sourceSize": {"w":64,"h":64},
	"pivot": {"x":0.5,"y":0.5}
},
{
	"filename": "boss_03",
	"frame": {"x":68,"y":392,"w":64,"h":64},
	"rotated": false,
	"trimmed": false,
	"spriteSourceSize": {"x":0,"y":0,"w":64,"h":64},
	"sourceSize": {"w":64,"h":64},
	"pivot": {"x":0.5,"y":0.5}
},
{
	"filename": "boss_04",
	"frame": {"x":134,"y":326,"w":64,"h":64},
	"rotated": false,
	"trimmed": false,
	"spriteSourceSize": {"x":0,"y":0,"w":64,"h":64},
	"sourceSize": {"w":64,"h":64},
	"pivot": {"x":0.5,"y":0.5}
},
{
	"filename": "boss_05",
	"frame": {"x":134,"y":392,"w":64,"h":64},
	"rotated": false,
	"trimmed": false,
	"spriteSourceSize": {"x":0,"y":0,"w":64,"h":64},
	"sourceSize": {"w":64,"h":64},
	"pivot": {"x":0.5,"y":0.5}
},
{
	"filename": "column_top_48",
	"frame": {"x":2,"y":458,"w":48,"h":32},
	"rotated": false,
	"trimmed": false,
	"spriteSourceSize": {"x":0,"y":0,"w":48,"h":32},
	"sourceSize": {"w":48,"h":32},
	"pivot": {"x":0.5,"y":0.5}
},
{
	"filename": "column_whole_00",
	"frame": {"x":200,"y":392,"w":48,"h":64},
	"rotated": false,
	"trimmed": false,
	"spriteSourceSize": {"x":0,"y":0,"w":48,"h":64},
	"sourceSize": {"w":48,"h":64},
	"pivot": {"x":0.5,"y":0.5}
},
{
	"filename": "numbered_squares_00",
	"frame": {"x":52,"y":458,"w":32,"h":32},
	"rotated": false,
	"trimmed": false,
	"spriteSourceSize": {"x":0,"y":0,"w":32,"h":32},
	"sourceSize": {"w":32,"h":32},
	"pivot": {"x":0.5,"y":0.5}
},
{
	"filename": "numbered_squares_01",
	"frame": {"x":86,"y":458,"w":32,"h":32},
	"rotated": false,
	"trimmed": false,
	"spriteSourceSize": {"x":0,"y":0,"w":32,"h":32},
	"sourceSize": {"w":32,"h":32},
	"pivot": {"x":0.5,"y":0.5}
},
{
	"filename": "numbered_squares_02",
	"frame": {"x":120,"y":458,"w":32,"h":32},
	"rotated": false,
	"trimmed": false,
	"spriteSourceSize": {"x":0,"y":0,"w":32,"h":32},
	"sourceSize": {"w":32,"h":32},
	"pivot": {"x":0.5,"y":0.5}
},
{
	"filename": "numbered_squares_03",
	"frame": {"x":154,"y":458,"w":32,"h":32},
	"rotated": false,
	"trimmed": false,
	"spriteSourceSize": {"x":0,"y":0,"w":32,"h":32},
	"sourceSize": {"w":32,"h":32},
	"pivot": {"x":0.5,"y":0.5}
},
{
	"filename": "numbered_squares_04",
	"frame": {"x":188,"y":458,"w":32,"h":32},
	"rotated": false,
	"trimmed": false,
	"spriteSourceSize": {"x":0,"y":0,"w":32,"h":32},
	"sourceSize": {"w":32,"h":32},
	"pivot": {"x":0.5,"y":0.5}
},
{
	"filename": "numbered_squares_05",
	"frame": {"x":222,"y":458,"w":32,"h":32},
	"rotated": false,
	"trimmed": false,
	"spriteSourceSize": {"x":0,"y":0,"w":32,"h":32},
	"sourceSize": {"w":32,"h":32},
	"pivot": {"x":0.5,"y":0.5}
},
{
	"filename": "numbered_squares_06",
	"frame": {"x":250,"y":392,"w":32,"h":32},
	"rotated": false,
	"trimmed": false,
	"spriteSourceSize": {"x":0,"y":0,"w":32,"h":32},
	"sourceSize": {"w":32,"h":32},
	"pivot": {"x":0.5,"y":0.5}
},
{
	"filename": "numbered_squares_07",
	"frame": {"x":256,"y":444,"w":32,"h":32},
	"rotated": false,
	"trimmed": false,
	"spriteSourceSize": {"x":0,"y":0,"w":32,"h":32},
	"sourceSize": {"w":32,"h":32},
	"pivot": {"x":0.5,"y":0.5}
},
{
	"filename": "numbered_squares_08",
	"frame": {"x":272,"y":478,"w":32,"h":32},
	"rotated": false,
	"trimmed": false,
	"spriteSourceSize": {"x":0,"y":0,"w":32,"h":32},
	"sourceSize": {"w":32,"h":32},
	"pivot": {"x":0.5,"y":0.5}
},
{
	"filename": "numbered_squares_09",
	"frame": {"x":306,"y":2,"w":32,"h":32},
	"rotated": false,
	"trimmed": false,
	"spriteSourceSize": {"x":0,"y":0,"w":32,"h":32},
	"sourceSize": {"w":32,"h":32},
	"pivot": {"x":0.5,"y":0.5}
},
{
	"filename": "numbered_squares_10",
	"frame": {"x":340,"y":2,"w":32,"h":32},
	"rotated": false,
	"trimmed": false,
	"spriteSourceSize": {"x":0,"y":0,"w":32,"h":32},
	"sourceSize": {"w":32,"h":32},
	"pivot": {"x":0.5,"y":0.5}
},
{
	"filename": "numbered_squares_11",
	"frame": {"x":374,"y":2,"w":32,"h":32},
	"rotated": false,
	"trimmed": false,
	"spriteSourceSize": {"x":0,"y":0,"w":32,"h":32},
	"sourceSize": {"w":32,"h":32},
	"pivot": {"x":0.5,"y":0.5}
},
{
	"filename": "numbered_squares_12",
	"frame": {"x":408,"y":2,"w":32,"h":32},
	"rotated": false,
	"trimmed": false,
	"spriteSourceSize": {"x":0,"y":0,"w":32,"h":32},
	"sourceSize": {"w":32,"h":32},
	"pivot": {"x":0.5,"y":0.5}
},
{
	"filename": "numbered_squares_13",
	"frame": {"x":442,"y":2,"w":32,"h":32},
	"rotated": false,
	"trimmed": false,
	"spriteSourceSize": {"x":0,"y":0,"w":32,"h":32},
	"sourceSize": {"w":32,"h":32},
	"pivot": {"x":0.5,"y":0.5}
},
{
	"filename": "numbered_squares_14",
	"frame": {"x":476,"y":2,"w":32,"h":32},
	"rotated": false,
	"trimmed": false,
	"spriteSourceSize": {"x":0,"y":0,"w":32,"h":32},
	"sourceSize": {"w":32,"h":32},
	"pivot": {"x":0.5,"y":0.5}
},
{
	"filename": "numbered_squares_15",
	"frame": {"x":306,"y":36,"w":32,"h":32},
	"rotated": false,
	"trimmed": false,
	"spriteSourceSize": {"x":0,"y":0,"w":32,"h":32},
	"sourceSize": {"w":32,"h":32},
	"pivot": {"x":0.5,"y":0.5}
},
{
	"filename": "plate.fw",
	"frame": {"x":2,"y":492,"w":16,"h":16},
	"rotated": false,
	"trimmed": false,
	"spriteSourceSize": {"x":0,"y":0,"w":16,"h":16},
	"sourceSize": {"w":16,"h":16},
	"pivot": {"x":0.5,"y":0.5}
},
{
	"filename": "player_00",
	"frame": {"x":20,"y":492,"w":16,"h":16},
	"rotated": false,
	"trimmed": false,
	"spriteSourceSize": {"x":0,"y":0,"w":16,"h":16},
	"sourceSize": {"w":16,"h":16},
	"pivot": {"x":0.5,"y":0.5}
},
{
	"filename": "player_01",
	"frame": {"x":38,"y":492,"w":16,"h":16},
	"rotated": false,
	"trimmed": false,
	"spriteSourceSize": {"x":0,"y":0,"w":16,"h":16},
	"sourceSize": {"w":16,"h":16},
	"pivot": {"x":0.5,"y":0.5}
},
{
	"filename": "player_02",
	"frame": {"x":56,"y":492,"w":16,"h":16},
	"rotated": false,
	"trimmed": false,
	"spriteSourceSize": {"x":0,"y":0,"w":16,"h":16},
	"sourceSize": {"w":16,"h":16},
	"pivot": {"x":0.5,"y":0.5}
},
{
	"filename": "player_03",
	"frame": {"x":74,"y":492,"w":16,"h":16},
	"rotated": false,
	"trimmed": false,
	"spriteSourceSize": {"x":0,"y":0,"w":16,"h":16},
	"sourceSize": {"w":16,"h":16},
	"pivot": {"x":0.5,"y":0.5}
},
{
	"filename": "player_04",
	"frame": {"x":92,"y":492,"w":16,"h":16},
	"rotated": false,
	"trimmed": false,
	"spriteSourceSize": {"x":0,"y":0,"w":16,"h":16},
	"sourceSize": {"w":16,"h":16},
	"pivot": {"x":0.5,"y":0.5}
},
{
	"filename": "player_05",
	"frame": {"x":110,"y":492,"w":16,"h":16},
	"rotated": false,
	"trimmed": false,
	"spriteSourceSize": {"x":0,"y":0,"w":16,"h":16},
	"sourceSize": {"w":16,"h":16},
	"pivot": {"x":0.5,"y":0.5}
},
{
	"filename": "player_06",
	"frame": {"x":128,"y":492,"w":16,"h":16},
	"rotated": false,
	"trimmed": false,
	"spriteSourceSize": {"x":0,"y":0,"w":16,"h":16},
	"sourceSize": {"w":16,"h":16},
	"pivot": {"x":0.5,"y":0.5}
},
{
	"filename": "player_07",
	"frame": {"x":146,"y":492,"w":16,"h":16},
	"rotated": false,
	"trimmed": false,
	"spriteSourceSize": {"x":0,"y":0,"w":16,"h":16},
	"sourceSize": {"w":16,"h":16},
	"pivot": {"x":0.5,"y":0.5}
},
{
	"filename": "player_08",
	"frame": {"x":164,"y":492,"w":16,"h":16},
	"rotated": false,
	"trimmed": false,
	"spriteSourceSize": {"x":0,"y":0,"w":16,"h":16},
	"sourceSize": {"w":16,"h":16},
	"pivot": {"x":0.5,"y":0.5}
},
{
	"filename": "player_09",
	"frame": {"x":182,"y":492,"w":16,"h":16},
	"rotated": false,
	"trimmed": false,
	"spriteSourceSize": {"x":0,"y":0,"w":16,"h":16},
	"sourceSize": {"w":16,"h":16},
	"pivot": {"x":0.5,"y":0.5}
},
{
	"filename": "player_10",
	"frame": {"x":200,"y":492,"w":16,"h":16},
	"rotated": false,
	"trimmed": false,
	"spriteSourceSize": {"x":0,"y":0,"w":16,"h":16},
	"sourceSize": {"w":16,"h":16},
	"pivot": {"x":0.5,"y":0.5}
},
{
	"filename": "player_11",
	"frame": {"x":218,"y":492,"w":16,"h":16},
	"rotated": false,
	"trimmed": false,
	"spriteSourceSize": {"x":0,"y":0,"w":16,"h":16},
	"sourceSize": {"w":16,"h":16},
	"pivot": {"x":0.5,"y":0.5}
},
{
	"filename": "player_12",
	"frame": {"x":236,"y":492,"w":16,"h":16},
	"rotated": false,
	"trimmed": false,
	"spriteSourceSize": {"x":0,"y":0,"w":16,"h":16},
	"sourceSize": {"w":16,"h":16},
	"pivot": {"x":0.5,"y":0.5}
},
{
	"filename": "player_13",
	"frame": {"x":254,"y":492,"w":16,"h":16},
	"rotated": false,
	"trimmed": false,
	"spriteSourceSize": {"x":0,"y":0,"w":16,"h":16},
	"sourceSize": {"w":16,"h":16},
	"pivot": {"x":0.5,"y":0.5}
},
{
	"filename": "player_14",
	"frame": {"x":250,"y":426,"w":16,"h":16},
	"rotated": false,
	"trimmed": false,
	"spriteSourceSize": {"x":0,"y":0,"w":16,"h":16},
	"sourceSize": {"w":16,"h":16},
	"pivot": {"x":0.5,"y":0.5}
},
{
	"filename": "player_15",
	"frame": {"x":268,"y":426,"w":16,"h":16},
	"rotated": false,
	"trimmed": false,
	"spriteSourceSize": {"x":0,"y":0,"w":16,"h":16},
	"sourceSize": {"w":16,"h":16},
	"pivot": {"x":0.5,"y":0.5}
},
{
	"filename": "player_16",
	"frame": {"x":286,"y":2,"w":16,"h":16},
	"rotated": false,
	"trimmed": false,
	"spriteSourceSize": {"x":0,"y":0,"w":16,"h":16},
	"sourceSize": {"w":16,"h":16},
	"pivot": {"x":0.5,"y":0.5}
},
{
	"filename": "player_17",
	"frame": {"x":266,"y":2,"w":16,"h":16},
	"rotated": false,
	"trimmed": false,
	"spriteSourceSize": {"x":0,"y":0,"w":16,"h":16},
	"sourceSize": {"w":16,"h":16},
	"pivot": {"x":0.5,"y":0.5}
},
{
	"filename": "player_18",
	"frame": {"x":286,"y":20,"w":16,"h":16},
	"rotated": false,
	"trimmed": false,
	"spriteSourceSize": {"x":0,"y":0,"w":16,"h":16},
	"sourceSize": {"w":16,"h":16},
	"pivot": {"x":0.5,"y":0.5}
},
{
	"filename": "player_19",
	"frame": {"x":266,"y":20,"w":16,"h":16},
	"rotated": false,
	"trimmed": false,
	"spriteSourceSize": {"x":0,"y":0,"w":16,"h":16},
	"sourceSize": {"w":16,"h":16},
	"pivot": {"x":0.5,"y":0.5}
},
{
	"filename": "player_20",
	"frame": {"x":286,"y":38,"w":16,"h":16},
	"rotated": false,
	"trimmed": false,
	"spriteSourceSize": {"x":0,"y":0,"w":16,"h":16},
	"sourceSize": {"w":16,"h":16},
	"pivot": {"x":0.5,"y":0.5}
},
{
	"filename": "player_21",
	"frame": {"x":266,"y":38,"w":16,"h":16},
	"rotated": false,
	"trimmed": false,
	"spriteSourceSize": {"x":0,"y":0,"w":16,"h":16},
	"sourceSize": {"w":16,"h":16},
	"pivot": {"x":0.5,"y":0.5}
},
{
	"filename": "player_22",
	"frame": {"x":286,"y":56,"w":16,"h":16},
	"rotated": false,
	"trimmed": false,
	"spriteSourceSize": {"x":0,"y":0,"w":16,"h":16},
	"sourceSize": {"w":16,"h":16},
	"pivot": {"x":0.5,"y":0.5}
},
{
	"filename": "player_23",
	"frame": {"x":266,"y":56,"w":16,"h":16},
	"rotated": false,
	"trimmed": false,
	"spriteSourceSize": {"x":0,"y":0,"w":16,"h":16},
	"sourceSize": {"w":16,"h":16},
	"pivot": {"x":0.5,"y":0.5}
},
{
	"filename": "player_24",
	"frame": {"x":340,"y":36,"w":16,"h":16},
	"rotated": false,
	"trimmed": false,
	"spriteSourceSize": {"x":0,"y":0,"w":16,"h":16},
	"sourceSize": {"w":16,"h":16},
	"pivot": {"x":0.5,"y":0.5}
},
{
	"filename": "player_25",
	"frame": {"x":358,"y":36,"w":16,"h":16},
	"rotated": false,
	"trimmed": false,
	"spriteSourceSize": {"x":0,"y":0,"w":16,"h":16},
	"sourceSize": {"w":16,"h":16},
	"pivot": {"x":0.5,"y":0.5}
},
{
	"filename": "player_26",
	"frame": {"x":376,"y":36,"w":16,"h":16},
	"rotated": false,
	"trimmed": false,
	"spriteSourceSize": {"x":0,"y":0,"w":16,"h":16},
	"sourceSize": {"w":16,"h":16},
	"pivot": {"x":0.5,"y":0.5}
},
{
	"filename": "player_27",
	"frame": {"x":394,"y":36,"w":16,"h":16},
	"rotated": false,
	"trimmed": false,
	"spriteSourceSize": {"x":0,"y":0,"w":16,"h":16},
	"sourceSize": {"w":16,"h":16},
	"pivot": {"x":0.5,"y":0.5}
},
{
	"filename": "splash",
	"frame": {"x":2,"y":2,"w":256,"h":160},
	"rotated": false,
	"trimmed": false,
	"spriteSourceSize": {"x":0,"y":0,"w":256,"h":160},
	"sourceSize": {"w":256,"h":160},
	"pivot": {"x":0.5,"y":0.5}
},
{
	"filename": "stairs_00",
	"frame": {"x":200,"y":326,"w":64,"h":64},
	"rotated": false,
	"trimmed": false,
	"spriteSourceSize": {"x":0,"y":0,"w":64,"h":64},
	"sourceSize": {"w":64,"h":64},
	"pivot": {"x":0.5,"y":0.5}
},
{
	"filename": "won",
	"frame": {"x":2,"y":164,"w":256,"h":160},
	"rotated": false,
	"trimmed": false,
	"spriteSourceSize": {"x":0,"y":0,"w":256,"h":160},
	"sourceSize": {"w":256,"h":160},
	"pivot": {"x":0.5,"y":0.5}
}],
"meta": {
	"app": "http://www.codeandweb.com/texturepacker",
	"version": "1.0",
	"image": "spritesheet.png",
	"format": "RGBA8888",
	"size": {"w":512,"h":512},
	"scale": "1",
	"smartupdate": "$TexturePacker:SmartUpdate:3253f18e944896f2ae5c62a4ffd86b58:c77ab18e73ba33db50bc695c01259e20:729adc6043343cfda41c447ce8f464d6$"
}
}
